{"cameraMode":{"drawMode":0,"name":"Shaded","section":"Shading Mode"},"sceneLighting":true,"audioPlay":false,"sceneViewState":{"showFog":true,"showMaterialUpdate":false,"showSkybox":true,"showFlares":true,"showImageEffects":true,"showParticleSystems":true},"in2DMode":false,"pivot":{"x":18.680789947509767,"y":1.3778148889541627,"z":3.0140907764434816},"rotation":{"x":0.05892794206738472,"y":0.3006700873374939,"z":-0.01821334846317768,"w":0.9518126845359802},"size":8.492066383361817,"orthographic":false}