{"cameraMode":{"drawMode":0,"name":"Shaded","section":"Shading Mode"},"sceneLighting":false,"audioPlay":false,"sceneViewState":{"showFog":true,"showMaterialUpdate":false,"showSkybox":false,"showFlares":true,"showImageEffects":true,"showParticleSystems":true},"in2DMode":false,"pivot":{"x":-46.27588653564453,"y":7.380168914794922,"z":-1.034885048866272},"rotation":{"x":0.024368662387132646,"y":0.9738616347312927,"z":-0.1235111877322197,"w":0.18962469696998597},"size":81.42671203613281,"orthographic":false}