{"cameraMode":{"drawMode":0,"name":"Shaded","section":"Shading Mode"},"sceneLighting":true,"audioPlay":false,"sceneViewState":{"showFog":true,"showMaterialUpdate":false,"showSkybox":true,"showFlares":true,"showImageEffects":true,"showParticleSystems":true},"in2DMode":false,"pivot":{"x":2.6525566577911379,"y":1.275437355041504,"z":0.7197160720825195},"rotation":{"x":0.19203339517116548,"y":-0.06764015555381775,"z":0.01364568155258894,"w":0.979037880897522},"size":8.492066383361817,"orthographic":false}