{"cameraMode":{"drawMode":0,"name":"Shaded","section":"Shading Mode"},"sceneLighting":true,"audioPlay":false,"sceneViewState":{"showFog":true,"showMaterialUpdate":false,"showSkybox":true,"showFlares":true,"showImageEffects":true,"showParticleSystems":true},"in2DMode":false,"pivot":{"x":14.641181945800782,"y":5.203628063201904,"z":-4.1075263023376469},"rotation":{"x":0.0010302215814590455,"y":0.9983757734298706,"z":0.05365469679236412,"w":-0.0191702488809824},"size":10.0,"orthographic":false}