{"cameraMode":{"drawMode":0,"name":"Shaded","section":"Shading Mode"},"sceneLighting":true,"audioPlay":false,"sceneViewState":{"showFog":true,"showMaterialUpdate":false,"showSkybox":true,"showFlares":true,"showImageEffects":true,"showParticleSystems":true},"in2DMode":false,"pivot":{"x":157.13002014160157,"y":0.9387514591217041,"z":-0.6622476577758789},"rotation":{"x":0.09132305532693863,"y":0.03285573795437813,"z":-0.0030144606716930868,"w":0.9952759146690369},"size":4.311337471008301,"orthographic":true}