{"cameraMode":{"drawMode":0,"name":"Shaded","section":"Shading Mode"},"sceneLighting":true,"audioPlay":false,"sceneViewState":{"showFog":true,"showMaterialUpdate":false,"showSkybox":true,"showFlares":true,"showImageEffects":true,"showParticleSystems":true},"in2DMode":false,"pivot":{"x":0.12972569465637208,"y":5.22749137878418,"z":2.129640579223633},"rotation":{"x":0.2637428343296051,"y":-0.02604014426469803,"z":0.007122789975255728,"w":0.9642152190208435},"size":23.42642593383789,"orthographic":false}