{"cameraMode":{"drawMode":0,"name":"Shaded","section":"Shading Mode"},"sceneLighting":true,"audioPlay":false,"sceneViewState":{"showFog":true,"showMaterialUpdate":false,"showSkybox":true,"showFlares":true,"showImageEffects":true,"showParticleSystems":true},"in2DMode":false,"pivot":{"x":276.5782775878906,"y":7.686452865600586,"z":7.477085113525391},"rotation":{"x":0.19833213090896607,"y":0.03851677477359772,"z":-0.007801853120326996,"w":0.9793617129325867},"size":48.59410095214844,"orthographic":false}