{"cameraMode":{"drawMode":0,"name":"Shaded","section":"Shading Mode"},"sceneLighting":true,"audioPlay":false,"sceneViewState":{"showFog":true,"showMaterialUpdate":false,"showSkybox":true,"showFlares":true,"showImageEffects":true,"showParticleSystems":true},"in2DMode":false,"pivot":{"x":188.57762145996095,"y":-12.490800857543946,"z":41.721675872802737},"rotation":{"x":0.17174257338047028,"y":0.0502265989780426,"z":-0.00865289755165577,"w":0.9838682413101196},"size":51.73919677734375,"orthographic":false}