{"cameraMode":{"drawMode":0,"name":"Shaded","section":"Shading Mode"},"sceneLighting":true,"audioPlay":false,"sceneViewState":{"showFog":true,"showMaterialUpdate":false,"showSkybox":true,"showFlares":true,"showImageEffects":true,"showParticleSystems":true},"in2DMode":false,"pivot":{"x":201.96774291992188,"y":2.1718199253082277,"z":9.68453598022461},"rotation":{"x":0.09132305532693863,"y":0.03285573795437813,"z":-0.0030144606716930868,"w":0.9952759146690369},"size":9.859429359436036,"orthographic":true}