{"cameraMode":{"drawMode":0,"name":"Shaded","section":"Shading Mode"},"sceneLighting":true,"audioPlay":false,"sceneViewState":{"showFog":true,"showMaterialUpdate":false,"showSkybox":true,"showFlares":true,"showImageEffects":true,"showParticleSystems":true},"in2DMode":false,"pivot":{"x":63.06175231933594,"y":0.14043211936950684,"z":10.679756164550782},"rotation":{"x":0.26158207654953005,"y":-0.404790997505188,"z":0.12205157428979874,"w":0.8676952719688416},"size":1.8794913291931153,"orthographic":false}