{"cameraMode":{"drawMode":0,"name":"Shaded","section":"Shading Mode"},"sceneLighting":false,"audioPlay":false,"sceneViewState":{"showFog":true,"showMaterialUpdate":false,"showSkybox":false,"showFlares":true,"showImageEffects":true,"showParticleSystems":true},"in2DMode":false,"pivot":{"x":0.01059257984161377,"y":0.48203998804092409,"z":-0.11731523275375366},"rotation":{"x":0.17118464410305024,"y":0.5346658229827881,"z":-0.1116204485297203,"w":0.8199895024299622},"size":3.419281482696533,"orthographic":false}