{"cameraMode":{"drawMode":0,"name":"Shaded","section":"Shading Mode"},"sceneLighting":true,"audioPlay":false,"sceneViewState":{"showFog":true,"showMaterialUpdate":false,"showSkybox":true,"showFlares":true,"showImageEffects":true,"showParticleSystems":true},"in2DMode":false,"pivot":{"x":141.7445526123047,"y":-1.9367446899414063,"z":25.183067321777345},"rotation":{"x":0.2195625603199005,"y":-0.07309119403362274,"z":0.016498446464538575,"w":0.9727177619934082},"size":101.69998168945313,"orthographic":false}