{"cameraMode":{"drawMode":0,"name":"Shaded","section":"Shading Mode"},"sceneLighting":true,"audioPlay":false,"sceneViewState":{"showFog":true,"showMaterialUpdate":false,"showSkybox":true,"showFlares":true,"showImageEffects":true,"showParticleSystems":true},"in2DMode":false,"pivot":{"x":16.5399112701416,"y":20.223100662231447,"z":-8.400989532470704},"rotation":{"x":0.519234836101532,"y":-0.08935593068599701,"z":0.05481114611029625,"w":0.8482232689857483},"size":14.540928840637207,"orthographic":false}