{"cameraMode":{"drawMode":0,"name":"Shaded","section":"Shading Mode"},"sceneLighting":true,"audioPlay":false,"sceneViewState":{"showFog":true,"showMaterialUpdate":false,"showSkybox":true,"showFlares":true,"showImageEffects":true,"showParticleSystems":true},"in2DMode":false,"pivot":{"x":53.522117614746097,"y":-727.7940673828125,"z":640.5657348632813},"rotation":{"x":-0.40582194924354555,"y":-0.09514329582452774,"z":0.0425235740840435,"w":-0.9079928398132324},"size":1976.2103271484375,"orthographic":false}