{"cameraMode":{"drawMode":0,"name":"Shaded","section":"Shading Mode"},"sceneLighting":true,"audioPlay":false,"sceneViewState":{"showFog":true,"showMaterialUpdate":false,"showSkybox":true,"showFlares":true,"showImageEffects":true,"showParticleSystems":true},"in2DMode":false,"pivot":{"x":-5.504873752593994,"y":5.244006156921387,"z":-2.310098648071289},"rotation":{"x":0.2753137946128845,"y":-0.10641371458768845,"z":0.031023485586047174,"w":0.9550055861473084},"size":6.9206342697143559,"orthographic":false}