{"cameraMode":{"drawMode":0,"name":"Shaded","section":"Shading Mode"},"sceneLighting":true,"audioPlay":false,"sceneViewState":{"showFog":true,"showMaterialUpdate":false,"showSkybox":true,"showFlares":true,"showImageEffects":true,"showParticleSystems":true},"in2DMode":false,"pivot":{"x":6.421545028686523,"y":-0.11992835998535156,"z":-1.209019660949707},"rotation":{"x":0.36337023973464968,"y":-0.35572147369384768,"z":0.15290774405002595,"w":0.8474301099777222},"size":9.037259101867676,"orthographic":false}