{"cameraMode":{"drawMode":0,"name":"Shaded","section":"Shading Mode"},"sceneLighting":true,"audioPlay":false,"sceneViewState":{"showFog":true,"showMaterialUpdate":false,"showSkybox":true,"showFlares":true,"showImageEffects":true,"showParticleSystems":true},"in2DMode":false,"pivot":{"x":-6.1698784828186039,"y":1.9457206726074219,"z":-0.1349506378173828},"rotation":{"x":-0.016223881393671037,"y":0.07186194509267807,"z":0.0014863640535622836,"w":0.9973388910293579},"size":4.348443508148193,"orthographic":false}