{"cameraMode":{"drawMode":0,"name":"Shaded","section":"Shading Mode"},"sceneLighting":true,"audioPlay":false,"sceneViewState":{"showFog":true,"showMaterialUpdate":false,"showSkybox":true,"showFlares":true,"showImageEffects":true,"showParticleSystems":true},"in2DMode":false,"pivot":{"x":-5.9716796875,"y":1.543212890625,"z":0.5609130859375},"rotation":{"x":-0.10991652309894562,"y":-0.7429733872413635,"z":0.1260075718164444,"w":-0.6481050252914429},"size":1.5539429187774659,"orthographic":true}