{"cameraMode":{"drawMode":0,"name":"Shaded","section":"Shading Mode"},"sceneLighting":false,"audioPlay":false,"sceneViewState":{"showFog":true,"showMaterialUpdate":true,"showSkybox":false,"showFlares":true,"showImageEffects":true,"showParticleSystems":true},"in2DMode":false,"pivot":{"x":-9.838886260986329,"y":4.429999828338623,"z":2.6730308532714845},"rotation":{"x":0.24698258936405183,"y":0.3392493426799774,"z":-0.09279472380876541,"w":0.9029399156570435},"size":17.193479537963868,"orthographic":true}