{"cameraMode":{"drawMode":0,"name":"Shaded","section":"Shading Mode"},"sceneLighting":false,"audioPlay":false,"sceneViewState":{"showFog":true,"showMaterialUpdate":true,"showSkybox":false,"showFlares":true,"showImageEffects":true,"showParticleSystems":true},"in2DMode":false,"pivot":{"x":-2.200000762939453,"y":5.686426639556885,"z":-13.540099143981934},"rotation":{"x":-0.23376229405403138,"y":0.1486496776342392,"z":-0.03621169179677963,"w":-0.9601967334747315},"size":106.98200225830078,"orthographic":true}