{"cameraMode":{"drawMode":0,"name":"Shaded","section":"Shading Mode"},"sceneLighting":true,"audioPlay":false,"sceneViewState":{"showFog":true,"showMaterialUpdate":true,"showSkybox":true,"showFlares":true,"showImageEffects":true,"showParticleSystems":true},"in2DMode":false,"pivot":{"x":1.3308970928192139,"y":3.2136075496673586,"z":0.10529261827468872},"rotation":{"x":-0.12682649493217469,"y":-0.09892347455024719,"z":0.012712744064629078,"w":-0.98689866065979},"size":10.0,"orthographic":false}