{"cameraMode":{"drawMode":0,"name":"Shaded","section":"Shading Mode"},"sceneLighting":true,"audioPlay":false,"sceneViewState":{"showFog":true,"showMaterialUpdate":true,"showSkybox":true,"showFlares":true,"showImageEffects":true,"showParticleSystems":true},"in2DMode":false,"pivot":{"x":11.0887451171875,"y":-0.51953125,"z":4.591796875},"rotation":{"x":0.10105893760919571,"y":0.3083427846431732,"z":-0.03296219930052757,"w":0.9453210234642029},"size":4.378746032714844,"orthographic":true}