{"cameraMode":{"drawMode":0,"name":"Shaded","section":"Shading Mode"},"sceneLighting":false,"audioPlay":false,"sceneViewState":{"showFog":true,"showMaterialUpdate":true,"showSkybox":false,"showFlares":true,"showImageEffects":true,"showParticleSystems":true},"in2DMode":false,"pivot":{"x":-9.969456672668457,"y":0.6658371686935425,"z":2.700000047683716},"rotation":{"x":0.1775093376636505,"y":0.2482476830482483,"z":-0.04632822796702385,"w":0.9511704444885254},"size":3.292034149169922,"orthographic":true}