{"cameraMode":{"drawMode":0,"name":"Shaded","section":"Shading Mode"},"sceneLighting":true,"audioPlay":false,"sceneViewState":{"showFog":true,"showMaterialUpdate":true,"showSkybox":true,"showFlares":true,"showImageEffects":true,"showParticleSystems":true},"in2DMode":false,"pivot":{"x":386.8865661621094,"y":175.8681640625,"z":0.0},"rotation":{"x":0.038909073919057849,"y":-0.06440649181604386,"z":0.0025131150614470245,"w":0.9971620440483093},"size":579.0938720703125,"orthographic":true}