{"cameraMode":{"drawMode":0,"name":"Shaded","section":"Shading Mode"},"sceneLighting":true,"audioPlay":false,"sceneViewState":{"showFog":true,"showMaterialUpdate":true,"showSkybox":true,"showFlares":true,"showImageEffects":true,"showParticleSystems":true},"in2DMode":false,"pivot":{"x":-7.88481330871582,"y":1.2847375869750977,"z":1.005969762802124},"rotation":{"x":-0.047275520861148837,"y":-0.6632294058799744,"z":0.042045269161462787,"w":-0.7457408905029297},"size":3.3397295475006105,"orthographic":false}