{"cameraMode":{"drawMode":0,"name":"Shaded","section":"Shading Mode"},"sceneLighting":true,"audioPlay":false,"sceneViewState":{"showFog":true,"showMaterialUpdate":true,"showSkybox":true,"showFlares":true,"showImageEffects":true,"showParticleSystems":true},"in2DMode":false,"pivot":{"x":402.45001220703127,"y":656.7999877929688,"z":0.0},"rotation":{"x":0.04315716028213501,"y":-0.030870143324136735,"z":-0.0013292068615555764,"w":-0.9986050128936768},"size":1061.573486328125,"orthographic":true}