{"cameraMode":{"drawMode":0,"name":"Shaded","section":"Shading Mode"},"sceneLighting":true,"audioPlay":false,"sceneViewState":{"showFog":true,"showMaterialUpdate":true,"showSkybox":true,"showFlares":true,"showImageEffects":true,"showParticleSystems":true},"in2DMode":false,"pivot":{"x":76.61957550048828,"y":49.02164840698242,"z":40.98473358154297},"rotation":{"x":-0.14364947378635407,"y":-0.0468929260969162,"z":0.006818703375756741,"w":-0.9885072112083435},"size":125.00271606445313,"orthographic":false}