{"cameraMode":{"drawMode":0,"name":"Shaded","section":"Shading Mode"},"sceneLighting":true,"audioPlay":false,"sceneViewState":{"showFog":true,"showMaterialUpdate":true,"showSkybox":false,"showFlares":true,"showImageEffects":true,"showParticleSystems":true},"in2DMode":false,"pivot":{"x":-9.65999984741211,"y":0.8000001907348633,"z":0.869999885559082},"rotation":{"x":0.24698258936405183,"y":0.3392493426799774,"z":-0.09279472380876541,"w":0.9029399156570435},"size":2.232527494430542,"orthographic":true}