{"cameraMode":{"drawMode":0,"name":"Shaded","section":"Shading Mode"},"sceneLighting":false,"audioPlay":false,"sceneViewState":{"showFog":true,"showMaterialUpdate":true,"showSkybox":false,"showFlares":true,"showImageEffects":true,"showParticleSystems":true},"in2DMode":false,"pivot":{"x":-10.798999786376954,"y":0.6370000839233398,"z":2.8410000801086427},"rotation":{"x":0.20296309888362885,"y":0.24974331259727479,"z":-0.05362226441502571,"w":0.9452860951423645},"size":2.8578836917877199,"orthographic":true}