{"cameraMode":{"drawMode":0,"name":"Shaded","section":"Shading Mode"},"sceneLighting":true,"audioPlay":false,"sceneViewState":{"showFog":true,"showMaterialUpdate":true,"showSkybox":true,"showFlares":true,"showImageEffects":true,"showParticleSystems":true},"in2DMode":false,"pivot":{"x":288.446533203125,"y":1.55712890625,"z":12.5400390625},"rotation":{"x":-0.2525552809238434,"y":0.000586551264859736,"z":-0.00014928293239790946,"w":-0.9676181077957153},"size":24.40774917602539,"orthographic":true}