{"cameraMode":{"drawMode":0,"name":"Shaded","section":"Shading Mode"},"sceneLighting":true,"audioPlay":false,"sceneViewState":{"showFog":true,"showMaterialUpdate":false,"showSkybox":true,"showFlares":true,"showImageEffects":true,"showParticleSystems":true},"in2DMode":false,"pivot":{"x":-10.649785995483399,"y":0.19835305213928224,"z":2.244607925415039},"rotation":{"x":0.43766504526138308,"y":-0.0008076195372268558,"z":0.00039318259223364294,"w":0.8991377949714661},"size":2.253197193145752,"orthographic":false}