{"cameraMode":{"drawMode":0,"name":"Shaded","section":"Shading Mode"},"sceneLighting":true,"audioPlay":false,"sceneViewState":{"showFog":true,"showMaterialUpdate":false,"showSkybox":true,"showFlares":true,"showImageEffects":true,"showParticleSystems":true},"in2DMode":false,"pivot":{"x":-9.25,"y":1.004375696182251,"z":0.09638877213001251},"rotation":{"x":0.11755998432636261,"y":-0.6376007199287415,"z":0.09930068999528885,"w":0.754841685295105},"size":3.5855090618133547,"orthographic":false}