{"cameraMode":{"drawMode":0,"name":"Shaded","section":"Shading Mode"},"sceneLighting":false,"audioPlay":false,"sceneViewState":{"showFog":true,"showMaterialUpdate":false,"showSkybox":false,"showFlares":true,"showImageEffects":true,"showParticleSystems":true},"in2DMode":false,"pivot":{"x":-10.798999786376954,"y":0.6370000839233398,"z":2.8410000801086427},"rotation":{"x":0.09637462347745896,"y":-0.22144167125225068,"z":0.021937087178230287,"w":0.9701741933822632},"size":2.8578836917877199,"orthographic":false}