{"cameraMode":{"drawMode":0,"name":"Shaded","section":"Shading Mode"},"sceneLighting":true,"audioPlay":false,"sceneViewState":{"showFog":true,"showMaterialUpdate":false,"showSkybox":true,"showFlares":true,"showImageEffects":true,"showParticleSystems":true},"in2DMode":false,"pivot":{"x":6.160595893859863,"y":8.792701721191407,"z":-0.2077922821044922},"rotation":{"x":0.09995041787624359,"y":-0.08735126256942749,"z":0.008746322244405747,"w":0.9911341667175293},"size":22.0,"orthographic":false}