{"cameraMode":{"drawMode":0,"name":"Shaded","section":"Shading Mode"},"sceneLighting":true,"audioPlay":false,"sceneViewState":{"showFog":true,"showMaterialUpdate":false,"showSkybox":true,"showFlares":true,"showImageEffects":true,"showParticleSystems":true},"in2DMode":false,"pivot":{"x":3.6369895935058595,"y":-6.6265764236450199,"z":13.125361442565918},"rotation":{"x":-0.24036327004432679,"y":-0.27994632720947268,"z":0.07261925935745239,"w":-0.9265984892845154},"size":28.76537322998047,"orthographic":false}