{"cameraMode":{"drawMode":0,"name":"Shaded","section":"Shading Mode"},"sceneLighting":true,"audioPlay":false,"sceneViewState":{"showFog":true,"showMaterialUpdate":false,"showSkybox":true,"showFlares":true,"showImageEffects":true,"showParticleSystems":true},"in2DMode":false,"pivot":{"x":7.988074779510498,"y":-0.24949103593826295,"z":7.898642539978027},"rotation":{"x":0.13863281905651093,"y":0.07627049833536148,"z":-0.010772384703159333,"w":0.9873671531677246},"size":20.355884552001954,"orthographic":false}