{"cameraMode":{"drawMode":0,"name":"Shaded","section":"Shading Mode"},"sceneLighting":true,"audioPlay":false,"sceneViewState":{"showFog":true,"showMaterialUpdate":false,"showSkybox":true,"showFlares":true,"showImageEffects":true,"showParticleSystems":true},"in2DMode":false,"pivot":{"x":-7.9558844566345219,"y":2.4987754821777345,"z":2.000678300857544},"rotation":{"x":0.2249322533607483,"y":0.25852736830711367,"z":-0.06203453615307808,"w":0.9374019503593445},"size":10.749098777770996,"orthographic":false}