{"cameraMode":{"drawMode":0,"name":"Shaded","section":"Shading Mode"},"sceneLighting":true,"audioPlay":false,"sceneViewState":{"showFog":true,"showMaterialUpdate":false,"showSkybox":true,"showFlares":true,"showImageEffects":true,"showParticleSystems":true},"in2DMode":false,"pivot":{"x":-9.25,"y":1.012542724609375,"z":0.045245468616485599},"rotation":{"x":0.15662409365177155,"y":-0.34538543224334719,"z":0.058559149503707889,"w":0.9234626889228821},"size":1.2541236877441407,"orthographic":false}