{"cameraMode":{"drawMode":0,"name":"Shaded","section":"Shading Mode"},"sceneLighting":true,"audioPlay":false,"sceneViewState":{"showFog":true,"showMaterialUpdate":false,"showSkybox":true,"showFlares":true,"showImageEffects":true,"showParticleSystems":true},"in2DMode":false,"pivot":{"x":-0.1521664410829544,"y":3.536792039871216,"z":10.393921852111817},"rotation":{"x":0.14762769639492036,"y":0.06581640988588333,"z":-0.009864642284810543,"w":0.9868188500404358},"size":32.290252685546878,"orthographic":false}